insert into usr (first_name, middle_name, last_name, email) values
('Иван', 'Иванович', 'Иванов', 'ivanov@my.example.com'),
('Петр', 'Петрович', 'Петров', 'petrov@my.example.com'),
('Иван', 'Петрович', 'Сидоров', 'sidorov@my.example.com'),
('Егор', 'Иванович', 'Иванов', 'eivanov@my.example.com'),
('Вячеслав', 'Петрович', 'Петров', 'vpetrov@my.example.com'),
('Семён', 'Петрович', 'Сидоров', 'ssidorov@my.example.com'),
('Николай', 'Иванович', 'Иванов', 'nivanov@my.example.com'),
('Арсений', 'Петрович', 'Петров', 'apetrov@my.example.com'),
('Святослав', 'Петрович', 'Сидоров', 'svyatosidorov@my.example.com'),
('Олег', 'Иванович', 'Иванов', 'olivanov@my.example.com'),
('Евгений', 'Петрович', 'Петров', 'epetrov@my.example.com'),
('Владимир', 'Петрович', 'Сидоров', 'vlasidorov@my.example.com'),
('Джон', 'Иванович', 'Иванов', 'jivanov@my.example.com');

insert into usr (first_name, middle_name, e_mail, role_name, birth_date) values
('Темоха', 'Иванович', 'Иванов', 'temivanov@my.example.com', 'user', '2002-12-04'),
('Тема', 'Петрович', 'Петров', 'temapetrov@my.example.com', 'user', '2002-12-04'),
('Артемка', 'Петрович', 'Сидоров', 'artemsidorov@my.example.com', 'user', '2002-12-04'),
('Артемьюшка', 'Иванович', 'Иванов', 'artemiivanov@my.example.com', 'user', '2002-12-04'),
('Тюша', 'Петрович', 'Петров', 'tyshapetrov@my.example.com', 'user', '2002-12-04'),
('Артёша', 'Петрович', 'Сидоров', 'artyosidorov@my.example.com', 'user', '2002-12-04'),
('Тюня', 'Иванович', 'Иванов', 'tyunyaivanov@my.example.com', 'user', '2002-12-04'),
('Артёмчик', 'Петрович', 'Петров', 'artyopetrov@my.example.com', 'user', '2002-12-04'),
('Арцём', 'Петрович', 'Сидоров', 'artsyomsidorov@my.example.com', 'user', '2002-12-04'),
('Уртем', 'Иванович', 'Иванов', 'urtemivanov@my.example.com', 'user', '2002-12-04');

insert into usr (first_name, middle_name, last_name, e_mail, role_name, birth_date) values
('Алексейка', 'Иванович', 'Иванов', 'alexkaivanov1111@my.example.com', 'user', '2002-12-04'),
('Алёха', 'Петрович', 'Петров', 'alyoxapetrov111@my.example.com', 'user', '2003-12-04'),
('Лёня', 'Петрович', 'Сидоров', 'lyonyasidorov11@my.example.com', 'user', '2004-12-04'),
('Автотюн', 'Петрович', 'Сидоров', 'autotunesidorov211@my.example.com', 'user', '2005-12-04'),
('Лёка', 'Петрович', 'Сидоров', 'lyokaaaasidorov311@my.example.com', 'user', '2006-12-04'),
('Лекс', 'Петрович', 'Сидоров', 'leksflexsidorov411@my.example.com', 'user', '2007-12-04'),
('Лёкся', 'Петрович', 'Сидоров', 'lyoksyasidorov511@my.example.com', 'user', '2008-12-04'),
('Алюня', 'Петрович', 'Сидоров', 'sidorov611@my.example.com', 'user', '2009-12-04'),
('Мурат', 'Петрович', 'Сидоров', 'sidorov711@my.example.com', 'user', '2010-12-04'),
('Лёлик', 'Петрович', 'Сидоров', 'sidorov811@my.example.com', 'user', '2011-12-04');

insert into department (id, name) values
(1, 'Эрудиция'),
(2, 'Дружелюбие'),
(3, 'Искренность'),
(4, 'Отречение'),
(5, 'Бизнес-инфа');

insert into groups (id, name, course) values
(1, 'Эльфы 304', 3),
(2, 'Орки 172', 5),
(3, 'Гномы 213', 1),
(4, 'Люди Икс 205', 2),
(5, 'БИ-201', 2);

insert into position (id, name) values
(1, 'администрация'),
(2, 'преподаватели'),
(3, 'студенты');

insert into university_member (id,user_id, department_id, position_id) values
(1, 1, 1, 1),
(2, 2, 1, 2),
(3, 3, 1, 3),
(4, 4, 1, 3),
(5, 5, 1, 3),
(6, 6, 1, 1),
(7, 7, 1, 2),
(8, 8, 1, 3),
(9, 9, 2, 3),
(10, 10, 2, 3),
(11, 11, 2, 1),
(12, 12, 2, 2),
(13, 13, 2, 3),
(14, 14, 2, 3),
(15, 15, 2, 3),
(16, 16, 2, 1),
(17, 17, 2, 2),
(18, 18, 3, 3),
(19, 19, 3, 3),
(20, 20, 3, 3),
(21, 21, 3, 1),
(22, 22, 3, 2),
(23, 23, 3, 3),
(24, 24, 4, 2),
(25, 25, 4, 3),
(26, 26, 4, 3),
(27, 27, 4, 3),
(28, 28, 4, 1),
(29, 29, 4, 2),
(30, 30, 4, 3),
(31, 31, 4, 3),
(32, 32, 4, 3),
(33, 33, 4, 1),
(34, 34, 5, 3),
(35, 35, 5, 3),
(36, 36, 5, 3),
(37, 37, 5, 1),
(38, 38, 5, 2),
(39, 39, 5, 3),
(40, 40, 5, 3),
(41, 41, 5, 3),
(42, 42, 5, 1),
(43, 43, 5, 2);



insert into adress (user_id, zip_code, city, street, building, flat) values
('1', '295000', 'Черноморское', '1', '10', '9'),
('2', '295000', 'Черноморское', '5', '533', '6'),
('3', '295000', 'Черноморское', '4', '647', '8'),
('4', '295000', 'Черноморское', '3', '900', '10'),
('5', '295000', 'Черноморское', '33', '600', '888'),
('6', '295000', 'Черноморское', '456', '800', '990'),
('7', '295000', 'Черноморское', '663', '660', '4'),
('8', '295000', 'Черноморское', '666', '707', '6'),
('9', '295000', 'Черноморское', '777', '505', '7'),
('10', '295000', 'Черноморское', '888', '404', '8'),
('11', '295000', 'Черноморское', '999', '303', '98'),
('12', '295000', 'Черноморское', '111', '101', '56'),
('13', '295000', 'Черноморское', '222', '228', '44'),
('14', '295000', 'Черноморское', '333', '1', '777'),
('15', '295000', 'Черноморское', '444', '2', '12'),
('16', '295000', 'Черноморское', '555', '11', '13'),
('17', '295000', 'Черноморское', '656', '222', '14'),
('18', '295000', 'Черноморское', '436', '909', '15'),
('19', '295000', 'Черноморское', '322', '99', '16'),
('20', '295000', 'Черноморское', '998', '118', '17'),
('21', '295000', 'Черноморское', '887', '17', '18'),
('22', '295000', 'Черноморское', '788', '902', '19'),
('23', '295000', 'Черноморское', '661', '309', '20'),
('24', '295000', 'Черноморское', '123', '444', '21'),
('25', '295000', 'Черноморское', '334', '787', '22'),
('26', '295000', 'Черноморское', '789', '437', '23'),
('27', '295000', 'Черноморское', '345', '406', '24'),
('28', '295000', 'Черноморское', '78', '306', '25'),
('29', '295000', 'Черноморское', '88', '908', '26'),
('30', '295000', 'Черноморское', '98', '103', '27'),
('31', '295000', 'Черноморское', '71', '222', '28'),
('32', '295000', 'Черноморское', '69', '509', '29'),
('33', '295000', 'Черноморское', '96', '879', '30'),
('34', '295000', 'Черноморское', '50', '332', '31'),
('35', '295000', 'Черноморское', '20', '77', '32'),
('36', '295000', 'Черноморское', '30', '152', '33'),
('37', '295000', 'Черноморское', '40', '161', '34'),
('38', '295000', 'Черноморское', '50', '1456', '1243'),
('39', '295000', 'Черноморское', '60', '1432', '567'),
('40', '295000', 'Черноморское', '70', '6789', '3634'),
('41', '295000', 'Черноморское', '80', '2356', '988'),
('42', '295000', 'Черноморское', '90', '164', '651'),
('43', '295000', 'Черноморское', '111', '145', '778');